class,recall,precision
foot-and-mouth,0.9823008849557522,0.9652173913043478
healthy,0.9333333333333333,0.9680851063829787
lumpy,0.967032967032967,0.9411764705882353
